Post,Tono,Stile,Categoria
"Fantastico, se lo merita tutto!",Positivo,Generico,Varie
"Il male del secolo? L'ultracrepidarismo! Per qualsiasi esperto che parli, esiste un gruppo di soggetti che ne sanno di piÃ¹ pur non avendo competenze, se non minimali, sulla sua materia. L'accesso a internet ha prodotto questo pazzesco fenomeno. Date un occhiata al termine.. e vediamo di stare un po' piÃ¹ zitti. IT.WIKIPEDIA.ORG Ultracrepidarismo - Wikipedia",Critico,Informativo,AttualitÃ  / Educazione
"Visto! Molto bello, a parte qualche piccola variazione della storia, ma ci sta dai, almeno la sorpresa me la son goduta anche io che li leggo dal '76. Davvero consigliato, in quanto Ã¨ un anticipo della fase sei e di ciÃ² che verrÃ . IT.WIKIPEDIA.ORG I Fantastici Quattro - Gli inizi - Wikipedia",Positivo,Informativo,AttualitÃ  / Educazione
"""PerÃ² Gaza..."" Di seguito lâ€™elenco completo e categorizzato dei 56 conflitti armati attualmente in corso (criterio: almeno 100 morti e una vittima nel 2024 o 2025), tratto dalla pagina â€œList of ongoing armed conflictsâ€ di Wikipedia",Neutro,Informativo,AttualitÃ  / Educazione
E persino Chuck Norris saluta umilmente il grande Ozzy.,Neutro,Generico,Cultura pop
"Io: cerca il cappello. ChatGPT: Il cappello Ã¨ in testa. Io: Bravo, fine. ğŸ˜‚",Positivo,Generico,Tecnologia / Intelligenza Artificiale
Domenica si corre a Spa... finalmente bagnato. ğŸ,Neutro,Generico,Sport
Questi nuovi modelli AI sono assurdi: gli chiedi una cosa e te ne propongono dieci. ğŸ¤¯,Neutro,Generico,Tecnologia / Intelligenza Artificiale
UmanitÃ : inventa lâ€™AI. AI: migliora lâ€™umanitÃ  (forse).,Neutro,Generico,Tecnologia / Intelligenza Artificiale
Â«Lâ€™essere umano puÃ² capire tutto. Tranne se stesso.Â» â€“ Anonimo digitale,Neutro,Generico,Varie
"Avete presente quando il vostro telefono sa giÃ  cosa volete scrivere? Ecco, adesso anche il vostro frigo lo farÃ . ğŸ§ ",Neutro,Generico,Satira tecnologica
Câ€™Ã¨ gente che ancora oggi confonde HTML con HTTP. ğŸ¤¦â€â™‚ï¸,Critico,Generico,Varie
Tutti parlano di Docker. Nessuno parla di quanto Ã¨ bello smettere di usarlo. ğŸ³,Ironico / umoristico,Generico,Varie
Quando ti dicono â€œusa il cervelloâ€ ma hai il cervello in idle.,Neutro,Generico,Varie
Ci sono 2 tipi di sviluppatori: quelli che commentano il codiceâ€¦ e i criminali.,Critico,Generico,Programmazione
"Scrivere codice Ã¨ poesia, finchÃ© non arriva il debugger.",Neutro,Generico,Programmazione
"Leggere documentazione tecnica Ã¨ come leggere Dostoevskij, solo con piÃ¹ errori di sintassi.",Neutro,Generico,Programmazione
"AI is not replacing us, itâ€™s just making us question our jobs. Every. Single. Day.",Neutro,Generico,Tecnologia / Intelligenza Artificiale
"Tutti connessi, nessuno presente. ğŸ¤–",Neutro,Generico,Varie
Câ€™Ã¨ sempre quellâ€™amico che dice: â€˜Ma lâ€™AI non potrÃ  mai capire lâ€™arteâ€™. Poi Midjourney ti genera Caravaggio con un prompt.,Neutro,Generico,Tecnologia / Intelligenza Artificiale
